<!-- src/main/resources/hibernate.cfg.xml -->

<!DOCTYPE hibernate-configuration PUBLIC "-//Hibernate/Hibernate Configuration DTD 3.0//EN"
        "http://hibernate.sourceforge.net/hibernate-configuration-3.0.dtd">

<hibernate-configuration>

    <session-factory>
        <!-- JDBC Database connection settings -->
        <property name="hibernate.connection.driver_class">com.mysql.cj.jdbc.Driver</property>
        <property name="hibernate.connection.url">jdbc:mysql://localhost:3306/foodmanagement</property>
        <property name="hibernate.connection.username">root</property>
        <property name="hibernate.connection.password">nilarghya@2001</property>


        <!-- Specify dialect -->
        <property name="hibernate.dialect">org.hibernate.dialect.MySQL8Dialect</property>

        <!-- Echo all executed SQL to stdout -->
        <property name="hibernate.show_sql">true</property>

        <!-- Drop and re-create the database schema on startup -->
        <property name="hibernate.hbm2ddl.auto">update</property>
        <!-- Mention annotated class -->
        <mapping class="com.fms.entity.User"/>
        <mapping class="com.fms.entity.Customer"/>
        <mapping class="com.fms.entity.Address"/>
        <mapping class="com.fms.entity.Food"/>
        <mapping class="com.fms.entity.OrderDetails"/>
        <mapping class="com.fms.entity.Restaurant"/>
        <mapping class="com.fms.entity.RestOwner"/>

    </session-factory>

</hibernate-configuration>
